State,Age Category,Total Diabetes Deaths,Hombres Diabetes Deaths,Mujeres Diabetes Death,Total Population,Hombres Population,Mujeres Population,Diabetes death per 100k people,Diabetes death per 100k MEN,Diabetes death per 100k WOMEN,Lat,Long,Avg years in schooling for 15+ years of age Total,Avg years in schooling for 15+ years of age HOMBRES,Avg years in schooling for 15+ years of age MUJERES,Total Pobreza (thousands of ppl),Pobreza moderada (thousands of ppl),Pobreza extrema (thousands of ppl),Porcentaje de población de 20 años y más con obesidad.,Porcentaje de población de 20 años y más con diagnóstico previo de hipertensión.,Porcentaje de población de 20 años y más con diagnóstico previo de diabetes.
Aguascalientes,Total,"3,532","1,948","1,583",1425607,696683,728924,247.75,279.61,217.17,21.8853,-102.2916,10.35,10.38,10.32,396.5,361.8,34.7,32.6,14.7,7.6
Aguascalientes,80 años y mas,182,82,100,"19,080","8,019","11,061",953.88,"1,022.57",904.08,21.8853,-102.2916,,,,,,,,,
Aguascalientes,70 a 79 años,198,100,98,"42,167","19,521","22,646",469.56,512.27,432.75,21.8853,-102.2916,,,,,,,,,
Aguascalientes,60 a 69 años,251,130,121,"84,129","39,133","44,996",298.35,332.20,268.91,21.8853,-102.2916,,,,,,,,,
Aguascalientes,50 a 59 años,167,99,68,"132,986","62,219","70,767",125.58,159.12,96.09,21.8853,-102.2916,,,,,,,,,
Aguascalientes,40 a 49 años,59,35,24,"177,047","84,002","93,045",33.32,41.67,25.79,21.8853,-102.2916,,,,,,,,,
Aguascalientes,30 a 39 años,12,6,6,"206,082","99,425","106,657",5.82,6.03,5.63,21.8853,-102.2916,,,,,,,,,
Aguascalientes,20 a 29 años,7,3,4,"245,446","121,295","124,151",2.85,2.47,3.22,21.8853,-102.2916,,,,,,,,,
Aguascalientes,<20 años,0,0,0,"517,162","262,320","254,842",0.00,0.00,0.00,21.8853,-102.2916,,,,,,,,,
Baja California,Total,502,273,229,3769020,1900589,1868431,13.32,14.36,12.26,30.8406,-115.2838,10.2,10.22,10.18,851.7,793.7,58,48.4,21.0,10.0
Baja California,80 años y mas,664,290,374,"44,277","18,837","25,440","1,499.65","1,539.52","1,470.13",30.8406,-115.2838,,,,,,,,,
Baja California,70 a 79 años,872,452,420,"106,299","49,645","56,654",820.33,910.46,741.34,30.8406,-115.2838,,,,,,,,,
Baja California,60 a 69 años,945,540,405,"228,726","110,269","118,457",413.16,489.71,341.90,30.8406,-115.2838,,,,,,,,,
Baja California,50 a 59 años,669,433,235,"390,041","197,567","192,474",171.52,219.17,122.09,30.8406,-115.2838,,,,,,,,,
Baja California,40 a 49 años,294,184,110,"534,455","272,519","261,936",55.01,67.52,41.99,30.8406,-115.2838,,,,,,,,,
Baja California,30 a 39 años,72,42,30,"594,458","300,333","294,125",12.11,13.98,10.20,30.8406,-115.2838,,,,,,,,,
Baja California,20 a 29 años,14,7,7,"668,603","339,700","328,903",2.09,2.06,2.13,30.8406,-115.2838,,,,,,,,,
Baja California,<20 años,2,0,2,"1,193,942","607,623","586,319",0.17,0.00,0.34,30.8406,-115.2838,,,,,,,,,
Baja California Sur,Total,972,486,486,798447,405879,392568,121.74,119.74,123.80,26.0444,-111.6661,10.34,10.28,10.4,223.4,200,23.4,42.8,16.5,8.4
Baja California Sur,80 años y mas,108,46,62,"8,528","3,802","4,726","1,266.42","1,209.89","1,311.89",26.0444,-111.6661,,,,,,,,,
Baja California Sur,70 a 79 años,125,75,50,"20,711","10,149","10,562",603.54,738.99,473.40,26.0444,-111.6661,,,,,,,,,
Baja California Sur,60 a 69 años,135,72,63,"46,369","23,002","23,367",291.14,313.02,269.61,26.0444,-111.6661,,,,,,,,,
Baja California Sur,50 a 59 años,80,53,27,"77,068","38,815","38,253",103.80,136.55,70.58,26.0444,-111.6661,,,,,,,,,
Baja California Sur,40 a 49 años,38,21,17,"111,160","57,108","54,052",34.18,36.77,31.45,26.0444,-111.6661,,,,,,,,,
Baja California Sur,30 a 39 años,12,5,7,"132,706","67,942","64,764",9.04,7.36,10.81,26.0444,-111.6661,,,,,,,,,
Baja California Sur,20 a 29 años,2,1,1,"135,541","69,464","66,077",1.48,1.44,1.51,26.0444,-111.6661,,,,,,,,,
Baja California Sur,<20 años,2,0,2,"262,522","133,684","128,838",0.76,0.00,1.55,26.0444,-111.6661,,,,,,,,,
Campeche,Total,"6,016","2,913","3,103",928363,456939,471424,648.02,637.50,658.22,19.8301,-90.5349,9.63,9.74,9.52,472.4,359.9,112.6,44.9,26.1,14.0
Campeche,80 años y mas,286,139,147,"14,567","7,094","7,473","1,963.34","1,959.40","1,967.08",19.8301,-90.5349,,,,,,,,,
Campeche,70 a 79 años,304,143,161,"29,475","14,652","14,823","1,031.38",975.98,"1,086.15",19.8301,-90.5349,,,,,,,,,
Campeche,60 a 69 años,191,106,85,"58,574","28,550","30,024",326.08,371.28,283.11,19.8301,-90.5349,,,,,,,,,
Campeche,50 a 59 años,132,68,64,"91,059","44,249","46,810",144.96,153.68,136.72,19.8301,-90.5349,,,,,,,,,
Campeche,40 a 49 años,33,19,14,"121,798","58,797","63,001",27.09,32.31,22.22,19.8301,-90.5349,,,,,,,,,
Campeche,30 a 39 años,18,8,10,"142,984","68,168","74,816",12.59,11.74,13.37,19.8301,-90.5349,,,,,,,,,
Campeche,20 a 29 años,7,2,5,"317,258","160,956","156,302",2.21,1.24,3.20,19.8301,-90.5349,,,,,,,,,
Campeche,<20 años,1,1,0,"317,258","160,956","156,302",0.32,0.62,0.00,19.8301,-90.5349,,,,,,,,,
Chiapas,Total,"3,850","1,957","1,893","5,543,828","2,705,947","2,837,881",69.45,72.32,66.70,16.74999697,-92.63337447,10.43,10.51,10.36,812.1,731.2,81,29.0,16.2,7.8
Chiapas,80 años y mas,964,410,554,"74,241","36,388","37,853","1,298.47","1,126.75","1,463.56",16.74999697,-92.63337447,,,,,,,,,
Chiapas,70 a 79 años,"1,428",671,757,"149,013","75,090","73,923",958.31,893.59,"1,024.04",16.74999697,-92.63337447,,,,,,,,,
Chiapas,60 a 69 años,"1,634",807,827,"284,503","139,703","144,800",574.33,577.65,571.13,16.74999697,-92.63337447,,,,,,,,,
Chiapas,50 a 59 años,"1,213",634,579,"440,203","212,062","228,141",275.55,298.97,253.79,16.74999697,-92.63337447,,,,,,,,,
Chiapas,40 a 49 años,531,258,273,"613,537","292,281","321,256",86.55,88.27,84.98,16.74999697,-92.63337447,,,,,,,,,
Chiapas,30 a 39 años,172,88,84,"768,908","359,031","409,877",22.37,24.51,20.49,16.74999697,-92.63337447,,,,,,,,,
Chiapas,20 a 29 años,65,38,27,"888,926","422,187","466,739",7.31,9.00,5.78,16.74999697,-92.63337447,,,,,,,,,
Chiapas,<20 años,9,7,2,"2,296,653","1,155,304","1,141,349",0.39,0.61,0.18,16.74999697,-92.63337447,,,,,,,,,
Chihuahua,Total,"14,562","7,884","6,678","3,741,869","1,853,822","1,888,047",389.16,425.28,353.70,26.93335472,-105.6666358,10.05,9.99,10.1,196,182.4,13.7,38.7,22.6,9.3
Chihuahua,80 años y mas,772,320,452,"53,733","23,607","30,126","1,436.73","1,355.53","1,500.37",26.93335472,-105.6666358,,,,,,,,,
Chihuahua,70 a 79 años,"1,025",515,510,"124,283","57,660","66,623",824.73,893.17,765.50,26.93335472,-105.6666358,,,,,,,,,
Chihuahua,60 a 69 años,998,531,467,"241,805","113,783","128,022",412.73,466.68,364.78,26.93335472,-105.6666358,,,,,,,,,
Chihuahua,50 a 59 años,688,398,290,"393,569","191,632","201,937",174.81,207.69,143.61,26.93335472,-105.6666358,,,,,,,,,
Chihuahua,40 a 49 años,257,138,119,"500,505","247,592","252,913",51.35,55.74,47.05,26.93335472,-105.6666358,,,,,,,,,
Chihuahua,30 a 39 años,77,40,37,"539,313","266,261","273,052",14.28,15.02,13.55,26.93335472,-105.6666358,,,,,,,,,
Chihuahua,20 a 29 años,29,13,16,"612,366","305,125","307,241",4.74,4.26,5.21,26.93335472,-105.6666358,,,,,,,,,
Chihuahua,<20 años,4,2,2,"1,268,656","644,349","624,307",0.32,0.31,0.32,26.93335472,-105.6666358,,,,,,,,,
Distrito Federal,Total,"3,898","1,961","1,937","9,209,944","4,404,927","4,805,017",42.32,44.52,40.31,19.44244244,-99.1309882,7.78,8.09,7.5,4218,2594.9,1623.1,36.3,20.2,12.7
Distrito Federal,80 años y mas,"3,707","1,501","2,206","222,950","82,762","140,188","1,662.70","1,813.63","1,573.60",19.44244244,-99.1309882,,,,,,,,,
Distrito Federal,70 a 79 años,"3,813","2,045","1,768","442,959","189,340","253,619",860.80,"1,080.07",697.11,19.44244244,-99.1309882,,,,,,,,,
Distrito Federal,60 a 69 años,"3,595","2,114","1,481","825,710","366,310","459,400",435.38,577.11,322.38,19.44244244,-99.1309882,,,,,,,,,
Distrito Federal,50 a 59 años,"2,261","1,453",808,"1,149,930","526,045","623,885",196.62,276.21,129.51,19.44244244,-99.1309882,,,,,,,,,
Distrito Federal,40 a 49 años,934,622,312,"1,339,252","631,158","708,094",69.74,98.55,44.06,19.44244244,-99.1309882,,,,,,,,,
Distrito Federal,30 a 39 años,201,123,78,"1,449,461","703,993","745,468",13.87,17.47,10.46,19.44244244,-99.1309882,,,,,,,,,
Distrito Federal,20 a 29 años,45,23,22,"1,466,894","731,130","735,764",3.07,3.15,2.99,19.44244244,-99.1309882,,,,,,,,,
Distrito Federal,<20 años,6,3,3,"2,303,162","1,169,406","1,133,756",0.26,0.26,0.26,19.44244244,-99.1309882,,,,,,,,,
Coahuila,Total,744,400,344,3146771,1563669,1583102,23.64,25.58,21.73,27.0587,-101.7068,10,9.98,10.02,952.5,842,110.5,37.6,22.4,12.3
Coahuila,80 años y mas,679,290,389,"43,680","19,127","24,553","1,554.49","1,516.18","1,584.33",27.0587,-101.7068,,,,,,,,,
Coahuila,70 a 79 años,"1,014",497,517,"101,485","48,294","53,191",999.16,"1,029.11",971.97,27.0587,-101.7068,,,,,,,,,
Coahuila,60 a 69 años,"1,144",585,559,"203,372","97,937","105,435",562.52,597.32,530.18,27.0587,-101.7068,,,,,,,,,
Coahuila,50 a 59 años,677,359,318,"320,429","155,538","164,891",211.28,230.81,192.85,27.0587,-101.7068,,,,,,,,,
Coahuila,40 a 49 años,268,161,107,"423,889","207,837","216,052",63.22,77.46,49.53,27.0587,-101.7068,,,,,,,,,
Coahuila,30 a 39 años,89,52,37,"443,963","220,253","223,710",20.05,23.61,16.54,27.0587,-101.7068,,,,,,,,,
Coahuila,20 a 29 años,23,16,7,"510,230","256,229","254,001",4.51,6.24,2.76,27.0587,-101.7068,,,,,,,,,
Coahuila,<20 años,4,1,3,"1,093,564","555,380","538,184",0.37,0.18,0.56,27.0587,-101.7068,,,,,,,,,
Colima,Total,"1,443",730,713,731391,360622,370769,197.30,202.43,192.30,18.92038129,-103.8799748,11.48,11.67,11.32,3009.4,2609,400.4,43.2,17.2,10.8
Colima,80 años y mas,184,78,106,"12,802","5,608","7,194","1,437.28","1,390.87","1,473.45",18.92038129,-103.8799748,,,,,,,,,
Colima,70 a 79 años,202,109,93,"26,889","12,811","14,078",751.24,850.83,660.61,18.92038129,-103.8799748,,,,,,,,,
Colima,60 a 69 años,180,107,73,"51,866","25,075","26,791",347.05,426.72,272.48,18.92038129,-103.8799748,,,,,,,,,
Colima,50 a 59 años,116,69,47,"76,360","36,880","39,480",151.91,187.09,119.05,18.92038129,-103.8799748,,,,,,,,,
Colima,40 a 49 años,47,29,18,"98,312","47,933","50,379",47.81,60.50,35.73,18.92038129,-103.8799748,,,,,,,,,
Colima,30 a 39 años,13,7,6,"112,002","54,322","57,680",11.61,12.89,10.40,18.92038129,-103.8799748,,,,,,,,,
Colima,20 a 29 años,2,1,1,"117,378","58,221","59,157",1.70,1.72,1.69,18.92038129,-103.8799748,,,,,,,,,
Colima,<20 años,0,0,0,"233,826","118,797","115,029",0.00,0.00,0.00,18.92038129,-103.8799748,,,,,,,,,
Durango,Total,"7,484","3,815","3,669","1,832,650","904,866","927,784",408.37,421.61,395.46,25.57005292,-103.5000238,9.75,9.67,9.82,715.5,635.9,79.6,37.6,20.2,10.9
Durango,80 años y mas,324,153,171,"30,570","14,168","16,402","1,059.86","1,079.90","1,042.56",25.57005292,-103.5000238,,,,,,,,,
Durango,70 a 79 años,402,209,193,"62,645","30,351","32,294",641.71,688.61,597.63,25.57005292,-103.5000238,,,,,,,,,
Durango,60 a 69 años,404,206,198,"116,263","55,393","60,870",347.49,371.89,325.28,25.57005292,-103.5000238,,,,,,,,,
Durango,50 a 59 años,203,106,97,"177,006","83,951","93,055",114.69,126.26,104.24,25.57005292,-103.5000238,,,,,,,,,
Durango,40 a 49 años,90,43,47,"223,046","108,087","114,959",40.35,39.78,40.88,25.57005292,-103.5000238,,,,,,,,,
Durango,30 a 39 años,17,12,5,"248,356","120,866","127,490",6.85,9.93,3.92,25.57005292,-103.5000238,,,,,,,,,
Durango,20 a 29 años,3,1,2,"294,695","145,974","148,721",1.02,0.69,1.34,25.57005292,-103.5000238,,,,,,,,,
Durango,<20 años,0,0,0,"676,894","344,500","332,394",0.00,0.00,0.00,25.57005292,-103.5000238,,,,,,,,,
Guanajuato,Total,"4,043","2,091","1,952","6,166,934","2,996,454","3,170,480",65.56,69.78,61.57,20.67001609,-101.4999909,9.04,9.1,8.99,2649.6,2368.5,281.2,30.0,18.4,9.9
Guanajuato,80 años y mas,"1,909",847,"1,062","105,808","46,578","59,230","1,804.21","1,818.46","1,793.01",20.67001609,-101.4999909,,,,,,,,,
Guanajuato,70 a 79 años,"1,928",953,975,"199,395","93,635","105,760",966.92,"1,017.78",921.90,20.67001609,-101.4999909,,,,,,,,,
Guanajuato,60 a 69 años,"1,816",981,835,"376,171","175,381","200,790",482.76,559.35,415.86,20.67001609,-101.4999909,,,,,,,,,
Guanajuato,50 a 59 años,"1,177",657,520,"569,005","265,244","303,761",206.85,247.70,171.19,20.67001609,-101.4999909,,,,,,,,,
Guanajuato,40 a 49 años,476,282,194,"772,890","366,968","405,922",61.59,76.85,47.79,20.67001609,-101.4999909,,,,,,,,,
Guanajuato,30 a 39 años,133,68,65,"901,377","426,641","474,736",14.76,15.94,13.69,20.67001609,-101.4999909,,,,,,,,,
Guanajuato,20 a 29 años,41,25,16,"1,042,455","509,174","533,281",3.93,4.91,3.00,20.67001609,-101.4999909,,,,,,,,,
Guanajuato,<20 años,4,2,2,"2,187,784","1,106,827","1,080,957",0.18,0.18,0.19,20.67001609,-101.4999909,,,,,,,,,
Guerrero,Total,"3,034","1,589","1,445","3,540,685","1,700,612","1,840,073",85.69,93.44,78.53,18.020529,-99.662476,8.37,8.53,8.23,2363.2,1455.6,907.6,34.7,17.9,11.1
Guerrero,80 años y mas,840,358,482,"77,058","34,439","42,619","1,090.09","1,039.52","1,130.95",18.020529,-99.662476,,,,,,,,,
Guerrero,70 a 79 años,"1,072",528,544,"135,515","64,118","71,397",791.06,823.48,761.94,18.020529,-99.662476,,,,,,,,,
Guerrero,60 a 69 años,"1,021",565,456,"230,961","107,966","122,995",442.07,523.31,370.75,18.020529,-99.662476,,,,,,,,,
Guerrero,50 a 59 años,733,420,313,"323,044","149,657","173,387",226.90,280.64,180.52,18.020529,-99.662476,,,,,,,,,
Guerrero,40 a 49 años,285,164,121,"399,898","187,213","212,685",71.27,87.60,56.89,18.020529,-99.662476,,,,,,,,,
Guerrero,30 a 39 años,70,40,30,"460,133","212,633","247,500",15.21,18.81,12.12,18.020529,-99.662476,,,,,,,,,
Guerrero,20 a 29 años,20,15,5,"538,158","252,042","286,116",3.72,5.95,1.75,18.020529,-99.662476,,,,,,,,,
Guerrero,<20 años,2,1,1,"1,361,501","685,348","676,153",0.15,0.15,0.15,18.020529,-99.662476,,,,,,,,,
Hidalgo,Total,"7,094","3,800","3,293","3,082,841","1,481,379","1,601,462",230.11,256.52,205.62,20.17043418,-98.73003076,9.37,9.42,9.33,1570.6,1318.6,252,31.2,17.9,12.8
Hidalgo,80 años y mas,714,282,432,"58,293","25,432","32,861","1,224.85","1,108.84","1,314.63",20.17043418,-98.73003076,,,,,,,,,
Hidalgo,70 a 79 años,764,388,376,"113,442","54,053","59,389",673.47,717.81,633.11,20.17043418,-98.73003076,,,,,,,,,
Hidalgo,60 a 69 años,780,454,326,"211,940","99,830","112,110",368.03,454.77,290.79,20.17043418,-98.73003076,,,,,,,,,
Hidalgo,50 a 59 años,499,294,205,"311,474","145,179","166,295",160.21,202.51,123.27,20.17043418,-98.73003076,,,,,,,,,
Hidalgo,40 a 49 años,208,128,80,"405,615","188,918","216,697",51.28,67.75,36.92,20.17043418,-98.73003076,,,,,,,,,
Hidalgo,30 a 39 años,47,29,18,"445,636","204,541","241,095",10.55,14.18,7.47,20.17043418,-98.73003076,,,,,,,,,
Hidalgo,20 a 29 años,18,12,6,"469,311","224,579","244,732",3.84,5.34,2.45,20.17043418,-98.73003076,,,,,,,,,
Hidalgo,<20 años,4,2,2,"1,063,924","537,259","526,665",0.38,0.37,0.38,20.17043418,-98.73003076,,,,,,,,,
Jalisco,Total,"26,453","14,675","11,778","8,348,151","4,098,455","4,249,696",316.87,358.06,277.15,19.77001935,-104.3699966,9.9,9.95,9.85,2633.4,2381.6,251.8,34.8,14.0,7.6
Jalisco,80 años y mas,"1,864",882,981,"143,216","61,690","81,526","1,301.53","1,429.73","1,203.30",19.77001935,-104.3699966,,,,,,,,,
Jalisco,70 a 79 años,"1,962","1,031",931,"302,305","141,356","160,949",649.01,729.36,578.44,19.77001935,-104.3699966,,,,,,,,,
Jalisco,60 a 69 años,"1,696",932,764,"553,564","256,574","296,990",306.38,363.25,257.25,19.77001935,-104.3699966,,,,,,,,,
Jalisco,50 a 59 años,994,584,410,"801,769","377,602","424,167",123.98,154.66,96.66,19.77001935,-104.3699966,,,,,,,,,
Jalisco,40 a 49 años,405,259,146,"1,061,396","514,576","546,820",38.16,50.33,26.70,19.77001935,-104.3699966,,,,,,,,,
Jalisco,30 a 39 años,126,79,47,"1,241,909","608,253","633,656",10.15,12.99,7.42,19.77001935,-104.3699966,,,,,,,,,
Jalisco,20 a 29 años,41,28,13,"1,372,693","683,052","689,641",2.99,4.10,1.89,19.77001935,-104.3699966,,,,,,,,,
Jalisco,<20 años,6,5,1,"2,820,248","1,429,849","1,390,399",0.21,0.35,0.07,19.77001935,-104.3699966,,,,,,,,,
México,Total,"5,629","2,860","2,769","16,992,418","8,251,295","8,741,123",33.13,34.66,31.68,19.41001548,-99.02998661,10.08,10.25,9.93,8342.5,6940.6,1401.9,32.7,15.5,9.0
México,80 años y mas,"4,961","2,190","2,771","239,489","98,588","140,901","2,071.49","2,221.37","1,966.63",19.41001548,-99.02998661,,,,,,,,,
México,70 a 79 años,"6,349","3,362","2,987","543,467","249,475","293,992","1,168.24","1,347.63","1,016.01",19.41001548,-99.02998661,,,,,,,,,
México,60 a 69 años,"7,262","4,180","3,082","1,136,498","528,242","608,256",638.98,791.30,506.69,19.41001548,-99.02998661,,,,,,,,,
México,50 a 59 años,"5,116","3,191","1,925","1,802,788","847,339","955,449",283.78,376.59,201.48,19.41001548,-99.02998661,,,,,,,,,
México,40 a 49 años,"2,046","1,312",734,"2,342,971","1,106,272","1,236,699",87.33,118.60,59.35,19.41001548,-99.02998661,,,,,,,,,
México,30 a 39 años,533,336,197,"2,537,560","1,211,704","1,325,856",21.00,27.73,14.86,19.41001548,-99.02998661,,,,,,,,,
México,20 a 29 años,165,96,69,"2,782,686","1,373,391","1,409,295",5.93,6.99,4.90,19.41001548,-99.02998661,,,,,,,,,
México,<20 años,21,8,13,"5,598,732","2,832,257","2,766,475",0.38,0.28,0.47,19.41001548,-99.02998661,,,,,,,,,
Michoacán,Total,"2,606","1,369","1,237","4,748,846","2,306,341","2,442,505",54.88,59.36,50.64,19.67997316,-100.569996,8.6,8.58,8.61,2133.7,1770,363.7,31.6,19.2,9.9
Michoacán,80 años y mas,"1,549",659,890,"101,576","45,968","55,608","1,524.97","1,433.61","1,600.49",19.67997316,-100.569996,,,,,,,,,
Michoacán,70 a 79 años,"1,457",763,694,"181,270","86,209","95,061",803.77,885.06,730.06,19.67997316,-100.569996,,,,,,,,,
Michoacán,60 a 69 años,"1,381",749,632,"318,853","149,665","169,188",433.11,500.45,373.55,19.67997316,-100.569996,,,,,,,,,
Michoacán,50 a 59 años,803,446,357,"445,998","207,427","238,571",180.05,215.02,149.64,19.67997316,-100.569996,,,,,,,,,
Michoacán,40 a 49 años,315,176,139,"569,843","271,965","297,878",55.28,64.71,46.66,19.67997316,-100.569996,,,,,,,,,
Michoacán,30 a 39 años,88,51,37,"663,710","314,543","349,167",13.26,16.21,10.60,19.67997316,-100.569996,,,,,,,,,
Michoacán,20 a 29 años,20,9,11,"757,999","367,858","390,141",2.64,2.45,2.82,19.67997316,-100.569996,,,,,,,,,
Michoacán,<20 años,16,7,9,"1,706,067","860,960","845,107",0.94,0.81,1.06,19.67997316,-100.569996,,,,,,,,,
Morelos,Total,"1,008",511,497,"1,971,520","950,847","1,020,673",51.13,53.74,48.69,18.681305,-99.101349,9.84,9.88,9.81,1006.7,839.9,166.8,33.5,17.5,12.0
Morelos,80 años y mas,559,237,322,"42,743","18,513","24,230","1,307.82","1,280.18","1,328.93",18.681305,-99.101349,,,,,,,,,
Morelos,70 a 79 años,706,382,324,"81,035","38,070","42,965",871.23,"1,003.41",754.10,18.681305,-99.101349,,,,,,,,,
Morelos,60 a 69 años,660,346,314,"150,125","69,881","80,244",439.63,495.13,391.31,18.681305,-99.101349,,,,,,,,,
Morelos,50 a 59 años,429,264,165,"210,408","96,945","113,463",203.89,272.32,145.42,18.681305,-99.101349,,,,,,,,,
Morelos,40 a 49 años,182,110,72,"254,917","118,746","136,171",71.40,92.63,52.87,18.681305,-99.101349,,,,,,,,,
Morelos,30 a 39 años,46,24,22,"279,398","131,719","147,679",16.46,18.22,14.90,18.681305,-99.101349,,,,,,,,,
Morelos,20 a 29 años,19,6,13,"316,741","154,178","162,563",6.00,3.89,8.00,18.681305,-99.101349,,,,,,,,,
Morelos,<20 años,5,0,5,"635,205","322,336","312,869",0.79,0.00,1.60,18.681305,-99.101349,,,,,,,,,
Nayarit,Total,"4,198","2,257","1,941","1,235,456","612,278","623,178",339.79,368.62,311.47,21.81999758,-105.2200481,9.73,9.56,9.89,376.6,329.6,47,37.0,18.1,9.6
Nayarit,80 años y mas,289,137,152,"24,137","11,363","12,774","1,197.33","1,205.67","1,189.92",21.81999758,-105.2200481,,,,,,,,,
Nayarit,70 a 79 años,271,134,137,"47,684","23,352","24,332",568.32,573.83,563.04,21.81999758,-105.2200481,,,,,,,,,
Nayarit,60 a 69 años,238,121,117,"85,574","41,326","44,248",278.12,292.79,264.42,21.81999758,-105.2200481,,,,,,,,,
Nayarit,50 a 59 años,137,80,57,"119,465","57,953","61,512",114.68,138.04,92.66,21.81999758,-105.2200481,,,,,,,,,
Nayarit,40 a 49 años,60,30,30,"156,495","77,269","79,226",38.34,38.83,37.87,21.81999758,-105.2200481,,,,,,,,,
Nayarit,30 a 39 años,8,5,3,"175,757","85,549","90,208",4.55,5.84,3.33,21.81999758,-105.2200481,,,,,,,,,
Nayarit,20 a 29 años,4,4,0,"190,042","93,774","96,268",2.10,4.27,0.00,21.81999758,-105.2200481,,,,,,,,,
Nayarit,<20 años,1,0,1,"435,134","221,120","214,014",0.23,0.00,0.47,21.81999758,-105.2200481,,,,,,,,,
Nuevo León,Total,"5,070","2,530","2,540","5,784,442","2,890,950","2,893,492",87.65,87.51,87.78,25.1899986,-99.83998885,10.74,10.88,10.6,1425,1301.1,123.9,41.4,19.2,12.6
Nuevo León,80 años y mas,803,357,446,"89,255","37,521","51,734",899.67,951.47,862.10,25.1899986,-99.83998885,,,,,,,,,
Nuevo León,70 a 79 años,"1,133",588,545,"193,149","89,163","103,986",586.59,659.47,524.11,25.1899986,-99.83998885,,,,,,,,,
Nuevo León,60 a 69 años,"1,164",629,535,"371,646","176,463","195,183",313.20,356.45,274.10,25.1899986,-99.83998885,,,,,,,,,
Nuevo León,50 a 59 años,711,452,259,"594,484","291,463","303,021",119.60,155.08,85.47,25.1899986,-99.83998885,,,,,,,,,
Nuevo León,40 a 49 años,305,182,123,"797,168","399,098","398,070",38.26,45.60,30.90,25.1899986,-99.83998885,,,,,,,,,
Nuevo León,30 a 39 años,67,42,25,"875,089","443,050","432,039",7.66,9.48,5.79,25.1899986,-99.83998885,,,,,,,,,
Nuevo León,20 a 29 años,13,6,7,"992,175","504,012","488,163",1.31,1.19,1.43,25.1899986,-99.83998885,,,,,,,,,
Nuevo León,<20 años,2,1,1,"1,853,344","941,131","912,213",0.11,0.11,0.11,25.1899986,-99.83998885,,,,,,,,,
Oaxaca,Total,"10,032","5,121","4,911","4,132,148","1,974,843","2,157,305",242.78,259.31,227.65,16.42999066,-95.01999882,8.12,8.35,7.92,2569.8,1709.4,860.5,30.5,17.1,10.5
Oaxaca,80 años y mas,"1,068",442,626,"100,793","45,449","55,344","1,059.60",972.52,"1,131.11",16.42999066,-95.01999882,,,,,,,,,
Oaxaca,70 a 79 años,"1,241",571,670,"166,810","78,026","88,784",743.96,731.81,754.64,16.42999066,-95.01999882,,,,,,,,,
Oaxaca,60 a 69 años,"1,348",713,635,"282,974","131,007","151,967",476.37,544.25,417.85,16.42999066,-95.01999882,,,,,,,,,
Oaxaca,50 a 59 años,907,489,418,"389,846","179,869","209,977",232.66,271.86,199.07,16.42999066,-95.01999882,,,,,,,,,
Oaxaca,40 a 49 años,367,222,145,"493,449","229,122","264,327",74.37,96.89,54.86,16.42999066,-95.01999882,,,,,,,,,
Oaxaca,30 a 39 años,110,72,38,"565,775","260,821","304,954",19.44,27.61,12.46,16.42999066,-95.01999882,,,,,,,,,
Oaxaca,20 a 29 años,27,21,6,"617,431","288,518","328,913",4.37,7.28,1.82,16.42999066,-95.01999882,,,,,,,,,
Oaxaca,<20 años,2,0,2,"1,505,682","757,363","748,319",0.13,0.00,0.27,16.42999066,-95.01999882,,,,,,,,,
Puebla,Total,"1,885","1,032",853,"6,583,278","3,160,115","3,423,163",28.63,32.66,24.92,18.90002077,-98.44999618,9.16,9.31,9.02,4136.6,3292.2,844.3,32.9,15.4,9.0
Puebla,80 años y mas,"2,077",872,"1,205","118,311","49,757","68,554","1,755.54","1,752.52","1,757.74",18.90002077,-98.44999618,,,,,,,,,
Puebla,70 a 79 años,"2,453","1,161","1,292","219,868","99,803","120,065","1,115.67","1,163.29","1,076.08",18.90002077,-98.44999618,,,,,,,,,
Puebla,60 a 69 años,"2,686","1,449","1,237","407,240","185,261","221,979",659.56,782.14,557.26,18.90002077,-98.44999618,,,,,,,,,
Puebla,50 a 59 años,"1,813","1,032",781,"603,677","276,644","327,033",300.33,373.04,238.81,18.90002077,-98.44999618,,,,,,,,,
Puebla,40 a 49 años,752,460,292,"807,954","374,756","433,198",93.07,122.75,67.41,18.90002077,-98.44999618,,,,,,,,,
Puebla,30 a 39 años,190,116,74,"933,718","433,665","500,053",20.35,26.75,14.80,18.90002077,-98.44999618,,,,,,,,,
Puebla,20 a 29 años,46,24,22,"1,098,935","531,273","567,662",4.19,4.52,3.88,18.90002077,-98.44999618,,,,,,,,,
Puebla,<20 años,15,7,8,"2,387,904","1,206,134","1,181,770",0.63,0.58,0.68,18.90002077,-98.44999618,,,,,,,,,
Querétaro,Total,"1,270",672,598,"2,368,467","1,156,820","1,211,647",53.62,58.09,49.35,20.37998212,-100.0000308,10.48,10.64,10.34,750.4,680.7,69.7,30.6,18.0,7.5
Querétaro,80 años y mas,388,172,216,"33,264","13,981","19,283","1,166.43","1,230.24","1,120.16",20.37998212,-100.0000308,,,,,,,,,
Querétaro,70 a 79 años,433,207,226,"68,396","31,315","37,081",633.08,661.03,609.48,20.37998212,-100.0000308,,,,,,,,,
Querétaro,60 a 69 años,473,272,201,"138,562","64,505","74,057",341.36,421.67,271.41,20.37998212,-100.0000308,,,,,,,,,
Querétaro,50 a 59 años,362,230,132,"223,760","105,141","118,619",161.78,218.75,111.28,20.37998212,-100.0000308,,,,,,,,,
Querétaro,40 a 49 años,170,117,53,"315,560","151,159","164,401",53.87,77.40,32.24,20.37998212,-100.0000308,,,,,,,,,
Querétaro,30 a 39 años,42,26,16,"377,319","182,260","195,059",11.13,14.27,8.20,20.37998212,-100.0000308,,,,,,,,,
Querétaro,20 a 29 años,15,8,7,"423,178","209,890","213,288",3.54,3.81,3.28,20.37998212,-100.0000308,,,,,,,,,
Querétaro,<20 años,2,0,2,"781,604","395,169","386,435",0.26,0.00,0.52,20.37998212,-100.0000308,,,,,,,,,
Quintana Roo,Total,"3,230","1,612","1,618","1,857,985","936,779","921,206",173.84,172.08,175.64,19.263021,-87.450912,10.24,10.36,10.12,892.9,693.4,199.4,48.9,13.3,7.4
Quintana Roo,80 años y mas,170,81,89,"13,161","6,182","6,979","1,291.70","1,310.26","1,275.25",19.263021,-87.450912,,,,,,,,,
Quintana Roo,70 a 79 años,302,131,171,"34,366","16,972","17,394",878.78,771.86,983.10,19.263021,-87.450912,,,,,,,,,
Quintana Roo,60 a 69 años,364,198,166,"83,525","40,913","42,612",435.80,483.95,389.56,19.263021,-87.450912,,,,,,,,,
Quintana Roo,50 a 59 años,265,154,111,"161,145","81,130","80,015",164.45,189.82,138.72,19.263021,-87.450912,,,,,,,,,
Quintana Roo,40 a 49 años,127,87,40,"253,776","128,389","125,387",50.04,67.76,31.90,19.263021,-87.450912,,,,,,,,,
Quintana Roo,30 a 39 años,32,16,16,"336,605","169,713","166,892",9.51,9.43,9.59,19.263021,-87.450912,,,,,,,,,
Quintana Roo,20 a 29 años,7,4,3,"349,436","176,220","173,216",2.00,2.27,1.73,19.263021,-87.450912,,,,,,,,,
Quintana Roo,<20 años,3,1,2,"604,949","306,759","298,190",0.50,0.33,0.67,19.263021,-87.450912,,,,,,,,,
San Luis Potosí,Total,"2,138","1,104","1,034","2,822,255","1,372,451","1,449,804",75.76,80.44,71.32,22.00001243,-99.66999923,9.61,9.58,9.64,1214,963.4,250.6,32.6,19.2,10.8
San Luis Potosí,80 años y mas,733,306,427,"62,586","28,507","34,079","1,171.19","1,073.42","1,252.97",22.00001243,-99.66999923,,,,,,,,,
San Luis Potosí,70 a 79 años,823,425,398,"109,142","52,446","56,696",754.06,810.36,701.99,22.00001243,-99.66999923,,,,,,,,,
San Luis Potosí,60 a 69 años,803,411,392,"189,871","90,248","99,623",422.92,455.41,393.48,22.00001243,-99.66999923,,,,,,,,,
San Luis Potosí,50 a 59 años,557,312,245,"279,502","131,739","147,763",199.28,236.83,165.81,22.00001243,-99.66999923,,,,,,,,,
San Luis Potosí,40 a 49 años,242,127,115,"349,627","166,062","183,565",69.22,76.48,62.65,22.00001243,-99.66999923,,,,,,,,,
San Luis Potosí,30 a 39 años,58,24,34,"396,257","187,482","208,775",14.64,12.80,16.29,22.00001243,-99.66999923,,,,,,,,,
San Luis Potosí,20 a 29 años,13,7,6,"453,093","219,462","233,631",2.87,3.19,2.57,22.00001243,-99.66999923,,,,,,,,,
San Luis Potosí,<20 años,1,0,1,"980,235","495,541","484,694",0.10,0.00,0.21,22.00001243,-99.66999923,,,,,,,,,
Sinaloa,Total,"2,267","1,149","1,117","3,026,943","1,494,815","1,532,128",74.89,76.87,72.91,23.19999086,-106.2300381,10.22,10.11,10.33,853.9,779.9,73.9,39.9,16.2,10.7
Sinaloa,80 años y mas,547,250,297,"55,107","24,913","30,194",992.61,"1,003.49",983.64,23.19999086,-106.2300381,,,,,,,,,
Sinaloa,70 a 79 años,646,339,307,"119,728","58,011","61,717",539.56,584.37,497.43,23.19999086,-106.2300381,,,,,,,,,
Sinaloa,60 a 69 años,550,289,261,"218,684","104,102","114,582",251.50,277.61,227.78,23.19999086,-106.2300381,,,,,,,,,
Sinaloa,50 a 59 años,250,143,107,"315,479","151,913","163,566",79.24,94.13,65.42,23.19999086,-106.2300381,,,,,,,,,
Sinaloa,40 a 49 años,107,63,44,"396,898","194,363","202,535",26.96,32.41,21.72,23.19999086,-106.2300381,,,,,,,,,
Sinaloa,30 a 39 años,31,19,12,"421,031","206,044","214,987",7.36,9.22,5.58,23.19999086,-106.2300381,,,,,,,,,
Sinaloa,20 a 29 años,5,0,5,"489,306","241,443","247,863",1.02,0.00,2.02,23.19999086,-106.2300381,,,,,,,,,
Sinaloa,<20 años,2,1,1,"1,008,485","512,918","495,567",0.20,0.19,0.20,23.19999086,-106.2300381,,,,,,,,,
Sonora,Total,"2,267","1,149","1,117","2,944,840","1,472,197","1,472,643",76.98,78.05,75.85,27.58000775,-109.9299931,10.4,10.35,10.45,885,780.1,104.9,43.9,24.6,11.2
Sonora,80 años y mas,520,223,296,"45,692","20,007","25,685","1,138.05","1,114.61","1,152.42",27.58000775,-109.9299931,,,,,,,,,
Sonora,70 a 79 años,573,287,286,"103,401","49,063","54,338",554.15,584.96,526.34,27.58000775,-109.9299931,,,,,,,,,
Sonora,60 a 69 años,625,322,303,"209,311","101,199","108,112",298.60,318.18,280.26,27.58000775,-109.9299931,,,,,,,,,
Sonora,50 a 59 años,364,222,142,"311,169","152,929","158,240",116.98,145.17,89.74,27.58000775,-109.9299931,,,,,,,,,
Sonora,40 a 49 años,138,73,65,"396,076","197,851","198,225",34.84,36.90,32.79,27.58000775,-109.9299931,,,,,,,,,
Sonora,30 a 39 años,38,21,17,"422,004","211,294","210,710",9.00,9.94,8.07,27.58000775,-109.9299931,,,,,,,,,
Sonora,20 a 29 años,7,1,6,"474,899","239,738","235,161",1.47,0.42,2.55,27.58000775,-109.9299931,,,,,,,,,
Sonora,<20 años,2,0,2,"979,563","498,752","480,811",0.20,0.00,0.42,27.58000775,-109.9299931,,,,,,,,,
Tabasco,Total,"4,227","2,124","2,103",2402598,1173671,1228927,175.93,180.97,171.12,18.40002545,-93.22997888,9.69,9.87,9.53,1316.1,985.3,330.8,47.3,22.0,12.1
Tabasco,80 años y mas,700,313,387,"36,464","17,052","19,412","1,919.70","1,835.56","1,993.61",18.40002545,-93.22997888,,,,,,,,,
Tabasco,70 a 79 años,979,496,483,"71,366","34,690","36,676","1,371.80","1,429.81","1,316.94",18.40002545,-93.22997888,,,,,,,,,
Tabasco,60 a 69 años,"1,236",625,611,"149,695","72,998","76,697",825.68,856.19,796.64,18.40002545,-93.22997888,,,,,,,,,
Tabasco,50 a 59 años,856,447,409,"314,900","149,347","165,553",271.83,299.30,247.05,18.40002545,-93.22997888,,,,,,,,,
Tabasco,40 a 49 años,335,181,154,"314,900","149,347","165,553",106.38,121.19,93.02,18.40002545,-93.22997888,,,,,,,,,
Tabasco,30 a 39 años,91,47,44,"360,903","169,898","191,005",25.21,27.66,23.04,18.40002545,-93.22997888,,,,,,,,,
Tabasco,20 a 29 años,22,11,11,"368,879","177,350","191,529",5.96,6.20,5.74,18.40002545,-93.22997888,,,,,,,,,
Tabasco,<20 años,7,4,3,"862,293","437,156","425,137",0.81,0.92,0.71,18.40002545,-93.22997888,,,,,,,,,
Tamaulipas,Total,"4,005","2,057","1,948","3,527,735","1,736,140","1,791,595",113.53,118.48,108.73,22.73335268,-98.95001734,10.09,10.13,10.06,1233.9,1098.4,135.5,40.9,18.4,12.8
Tamaulipas,80 años y mas,741,317,424,"61,385","26,300","35,085","1,207.14","1,205.32","1,208.49",22.73335268,-98.95001734,,,,,,,,,
Tamaulipas,70 a 79 años,966,493,473,"124,609","57,520","67,089",775.22,857.09,705.03,22.73335268,-98.95001734,,,,,,,,,
Tamaulipas,60 a 69 años,"1,052",534,518,"240,233","114,295","125,938",437.91,467.21,411.31,22.73335268,-98.95001734,,,,,,,,,
Tamaulipas,50 a 59 años,769,418,351,"379,138","183,717","195,421",202.83,227.52,179.61,22.73335268,-98.95001734,,,,,,,,,
Tamaulipas,40 a 49 años,344,204,140,"484,839","236,137","248,702",70.95,86.39,56.29,22.73335268,-98.95001734,,,,,,,,,
Tamaulipas,30 a 39 años,87,59,28,"514,065","250,549","263,516",16.92,23.55,10.63,22.73335268,-98.95001734,,,,,,,,,
Tamaulipas,20 a 29 años,37,28,9,"551,325","273,210","278,115",6.71,10.25,3.24,22.73335268,-98.95001734,,,,,,,,,
Tamaulipas,<20 años,6,2,4,"1,166,487","591,592","574,895",0.51,0.34,0.70,22.73335268,-98.95001734,,,,,,,,,
Tlaxcala,Total,"2,147","1,180",967,"1,342,977","649,894","693,083",159.87,181.57,139.52,19.31999514,-98.2300096,9.83,9.92,9.75,800.4,667.5,132.9,32.3,13.0,9.3
Tlaxcala,80 años y mas,507,219,288,"23,561","10,502","13,059","2,151.86","2,085.32","2,205.38",19.31999514,-98.2300096,,,,,,,,,
Tlaxcala,70 a 79 años,525,283,242,"41,862","19,565","22,297","1,254.12","1,446.46","1,085.35",19.31999514,-98.2300096,,,,,,,,,
Tlaxcala,60 a 69 años,562,352,210,"80,463","37,603","42,860",698.46,936.10,489.97,19.31999514,-98.2300096,,,,,,,,,
Tlaxcala,50 a 59 años,343,213,130,"127,097","58,726","68,371",269.87,362.70,190.14,19.31999514,-98.2300096,,,,,,,,,
Tlaxcala,40 a 49 años,159,84,75,"169,843","78,832","91,011",93.62,106.56,82.41,19.31999514,-98.2300096,,,,,,,,,
Tlaxcala,30 a 39 años,31,17,14,"191,408","88,970","102,438",16.20,19.11,13.67,19.31999514,-98.2300096,,,,,,,,,
Tlaxcala,20 a 29 años,15,10,5,"218,695","107,628","111,067",6.86,9.29,4.50,19.31999514,-98.2300096,,,,,,,,,
Tlaxcala,<20 años,5,2,3,"469,123","237,649","231,474",1.07,0.84,1.30,19.31999514,-98.2300096,,,,,,,,,
Total,Total,"12,712","6,320","6,392",126014024,61473390,64540634,10.09,10.28,9.90,,,9.74,9.84,9.64,55654.2,44861.2,10793,36.1,18.4,10.3
Total,80 años y mas,"32,201","13,888","18,311","2,214,915","957,780","1,257,135","1,453.83","1,450.02","1,456.57",,,,,,,,,,,
Total,70 a 79 años,"38,295","19,457","18,838","4,461,922","2,081,390","2,380,532",858.26,934.81,791.34,,,,,,,,,,,
Total,60 a 69 años,"39,812","21,640","18,172","8,466,139","3,964,712","4,501,427",470.25,545.82,403.69,,,,,,,,,,,
Total,50 a 59 años,"26,198","15,344","10,853","12,733,490","6,025,139","6,708,351",205.74,254.67,161.78,,,,,,,,,,,
Total,40 a 49 años,"10,709","6,410","4,299","16,445,999","7,874,648","8,571,351",65.12,81.40,50.16,,,,,,,,,,,
Total,30 a 39 años,"2,799","1,643","1,156","18,441,103","8,859,256","9,581,847",15.18,18.55,12.06,,,,,,,,,,,
Total,20 a 29 años,807,454,353,"20,415,096","10,027,288","10,387,808",3.95,4.53,3.40,,,,,,,,,,,
Total,<20 años,161,67,94,"42,561,974","21,546,983","21,014,991",0.38,0.31,0.45,,,,,,,,,,,
Veracruz,Total,"12,713","6,321","6,392","8,062,579","3,871,774","4,190,805",157.68,163.26,152.52,17.93997601,-94.73999007,8.75,8.86,8.64,4749.6,3619.9,1129.8,39.0,23.6,11.9
Veracruz,80 años y mas,"2,532","1,068","1,464","181,916","79,959","101,957","1,391.85","1,335.68","1,435.90",17.93997601,-94.73999007,,,,,,,,,
Veracruz,70 a 79 años,"3,253","1,581","1,672","348,893","164,399","184,494",932.38,961.68,906.26,17.93997601,-94.73999007,,,,,,,,,
Veracruz,60 a 69 años,"3,522","1,803","1,719","627,083","293,730","333,353",561.65,613.83,515.67,17.93997601,-94.73999007,,,,,,,,,
Veracruz,50 a 59 años,"2,248","1,233","1,015","897,220","420,194","477,026",250.55,293.44,212.78,17.93997601,-94.73999007,,,,,,,,,
Veracruz,40 a 49 años,855,474,381,"1,053,819","487,447","566,372",81.13,97.24,67.27,17.93997601,-94.73999007,,,,,,,,,
Veracruz,30 a 39 años,226,129,97,"1,126,912","522,014","604,898",20.05,24.71,16.04,17.93997601,-94.73999007,,,,,,,,,
Veracruz,20 a 29 años,58,27,31,"1,180,815","565,043","615,772",4.91,4.78,5.03,17.93997601,-94.73999007,,,,,,,,,
Veracruz,<20 años,18,5,13,"2,642,451","1,337,281","1,305,170",0.68,0.37,1.00,17.93997601,-94.73999007,,,,,,,,,
Yucatán,Total,"1,883",887,996,"2,320,898","1,140,279","1,180,619",81.13,77.79,84.36,20.400417,-89.134857,9.59,9.72,9.48,1156.9,893.2,263.7,45.2,21.7,10.7
Yucatán,80 años y mas,429,186,243,"41,108","18,793","22,315","1,043.59",989.73,"1,088.95",20.400417,-89.134857,,,,,,,,,
Yucatán,70 a 79 años,539,246,293,"88,836","42,541","46,295",606.74,578.27,632.90,20.400417,-89.134857,,,,,,,,,
Yucatán,60 a 69 años,475,201,274,"159,091","75,153","83,938",298.57,267.45,326.43,20.400417,-89.134857,,,,,,,,,
Yucatán,50 a 59 años,289,161,128,"225,541","106,712","118,829",128.14,150.87,107.72,20.400417,-89.134857,,,,,,,,,
Yucatán,40 a 49 años,119,72,47,"307,264","148,006","159,258",38.73,48.65,29.51,20.400417,-89.134857,,,,,,,,,
Yucatán,30 a 39 años,29,20,9,"357,134","174,080","183,054",8.12,11.49,4.92,20.400417,-89.134857,,,,,,,,,
Yucatán,20 a 29 años,2,1,1,"390,500","194,611","195,889",0.51,0.51,0.51,20.400417,-89.134857,,,,,,,,,
Yucatán,<20 años,1,0,1,"747,608","378,487","369,121",0.13,0.00,0.27,20.400417,-89.134857,,,,,,,,,
Zacatecas,Total,"1,588",828,760,"1,622,138","791,058","831,080",97.90,104.67,91.45,22.35001691,-102.88001,9.25,9.08,9.4,745.7,681.7,64,33.5,18.9,10.9
Zacatecas,80 años y mas,442,206,236,"35,564","16,874","18,690","1,242.83","1,220.81","1,262.71",22.35001691,-102.88001,,,,,,,,,
Zacatecas,70 a 79 años,446,234,212,"61,457","30,095","31,362",725.71,777.54,675.98,22.35001691,-102.88001,,,,,,,,,
Zacatecas,60 a 69 años,377,204,173,"102,758","49,215","53,543",366.88,414.51,323.10,22.35001691,-102.88001,,,,,,,,,
Zacatecas,50 a 59 años,215,124,91,"155,608","73,910","81,698",138.17,167.77,111.39,22.35001691,-102.88001,,,,,,,,,
Zacatecas,40 a 49 años,74,45,29,"197,800","94,838","102,962",37.41,47.45,28.17,22.35001691,-102.88001,,,,,,,,,
Zacatecas,30 a 39 años,24,12,12,"219,170","103,239","115,931",10.95,11.62,10.35,22.35001691,-102.88001,,,,,,,,,
Zacatecas,20 a 29 años,9,2,7,"247,911","119,194","128,717",3.63,1.68,5.44,22.35001691,-102.88001,,,,,,,,,
Zacatecas,<20 años,1,1,0,"600,012","302,776","297,236",0.17,0.33,0.00,22.35001691,-102.88001,,,,,,,,,